feature_set,sleep_feature,cv_id,n_test,r2
metabolite_features_log,sleep_awakeDuration_log1p_resid_rf_vendor_only_resid,0,225,0.03746912352211884
metabolite_features_log,sleep_awakeDuration_log1p_resid_rf_vendor_only_resid,1,225,0.031187721770147947
metabolite_features_log,sleep_awakeDuration_log1p_resid_rf_vendor_only_resid,2,224,-0.016758027272711695
metabolite_features_log,sleep_awakeDuration_log1p_resid_rf_vendor_only_resid,3,224,-0.0062749034794797875
metabolite_features_log,sleep_awakeDuration_log1p_resid_rf_vendor_only_resid,4,225,0.003809722261266857
metabolite_features_log,sleep_awakeDuration_log1p_resid_rf_vendor_only_resid,5,225,0.007790079377457904
metabolite_features_log,sleep_awakeDuration_log1p_resid_rf_vendor_only_resid,6,224,0.020382747212775
metabolite_features_log,sleep_awakeDuration_log1p_resid_rf_vendor_only_resid,7,224,0.0327526498438826
metabolite_features_log,sleep_awakeDuration_log1p_resid_rf_vendor_only_resid,8,225,0.006179240537610542
metabolite_features_log,sleep_awakeDuration_log1p_resid_rf_vendor_only_resid,9,225,0.012916593339568072
metabolite_features_log,sleep_awakeDuration_log1p_resid_rf_vendor_only_resid,10,224,-0.006843924199299689
metabolite_features_log,sleep_awakeDuration_log1p_resid_rf_vendor_only_resid,11,224,0.004697199031899801
metabolite_features_log,sleep_awakeDuration_log1p_resid_rf_vendor_only_resid,12,225,0.02318397328041444
metabolite_features_log,sleep_awakeDuration_log1p_resid_rf_vendor_only_resid,13,225,0.025082057297992177
metabolite_features_log,sleep_awakeDuration_log1p_resid_rf_vendor_only_resid,14,224,0.032412144189769676
metabolite_features_log,sleep_awakeDuration_log1p_resid_rf_vendor_only_resid,15,224,-0.008025871767005643
metabolite_features_log,sleep_awakeDuration_log1p_resid_rf_vendor_only_resid,16,225,-0.00897618507928244
metabolite_features_log,sleep_awakeDuration_log1p_resid_rf_vendor_only_resid,17,225,0.011686630381663066
metabolite_features_log,sleep_awakeDuration_log1p_resid_rf_vendor_only_resid,18,224,0.01926406559441618
metabolite_features_log,sleep_awakeDuration_log1p_resid_rf_vendor_only_resid,19,224,0.0063220937824538526
metabolite_features_log,sleep_awakeDuration_log1p_resid_rf_vendor_only_resid,20,225,0.022281663803289553
metabolite_features_log,sleep_awakeDuration_log1p_resid_rf_vendor_only_resid,21,225,-0.05403236655894639
metabolite_features_log,sleep_awakeDuration_log1p_resid_rf_vendor_only_resid,22,224,0.00479355457499997
metabolite_features_log,sleep_awakeDuration_log1p_resid_rf_vendor_only_resid,23,224,0.013828506898791004
metabolite_features_log,sleep_awakeDuration_log1p_resid_rf_vendor_only_resid,24,225,0.01707873827536044
metabolite_features_log,sleep_awakeDuration_log1p_resid_rf_vendor_only_resid,25,225,0.04290474298056657
metabolite_features_log,sleep_awakeDuration_log1p_resid_rf_vendor_only_resid,26,224,-0.0029583251152216494
metabolite_features_log,sleep_awakeDuration_log1p_resid_rf_vendor_only_resid,27,224,-0.020762985091884234
metabolite_features_log,sleep_awakeDuration_log1p_resid_rf_vendor_only_resid,28,225,0.026960529254211774
metabolite_features_log,sleep_awakeDuration_log1p_resid_rf_vendor_only_resid,29,225,0.016974937940487766
metabolite_features_log,sleep_awakeDuration_log1p_resid_rf_vendor_only_resid,30,224,0.0011111224471659353
metabolite_features_log,sleep_awakeDuration_log1p_resid_rf_vendor_only_resid,31,224,0.0025471629491217174
metabolite_features_log,sleep_awakeDuration_log1p_resid_rf_vendor_only_resid,32,225,0.01805114446425904
metabolite_features_log,sleep_awakeDuration_log1p_resid_rf_vendor_only_resid,33,225,0.006308524208069599
metabolite_features_log,sleep_awakeDuration_log1p_resid_rf_vendor_only_resid,34,224,0.0017368232913905768
metabolite_features_log,sleep_awakeDuration_log1p_resid_rf_vendor_only_resid,35,224,0.006905935740597835
metabolite_features_log,sleep_awakeDuration_log1p_resid_rf_vendor_only_resid,36,225,-9.653195189551766e-05
metabolite_features_log,sleep_awakeDuration_log1p_resid_rf_vendor_only_resid,37,225,0.00875114862830606
metabolite_features_log,sleep_awakeDuration_log1p_resid_rf_vendor_only_resid,38,224,0.005711721807887149
metabolite_features_log,sleep_awakeDuration_log1p_resid_rf_vendor_only_resid,39,224,0.0181580423027361
metabolite_features_log,sleep_awakeningsCount_log1p_resid_rf_vendor_only_resid,0,368,-0.009625053098064162
metabolite_features_log,sleep_awakeningsCount_log1p_resid_rf_vendor_only_resid,1,367,-0.029913387891801868
metabolite_features_log,sleep_awakeningsCount_log1p_resid_rf_vendor_only_resid,2,367,-0.006247551627315495
metabolite_features_log,sleep_awakeningsCount_log1p_resid_rf_vendor_only_resid,3,367,-0.005266835341224185
metabolite_features_log,sleep_awakeningsCount_log1p_resid_rf_vendor_only_resid,4,368,-0.004751288669235354
metabolite_features_log,sleep_awakeningsCount_log1p_resid_rf_vendor_only_resid,5,367,-0.027296624053037233
metabolite_features_log,sleep_awakeningsCount_log1p_resid_rf_vendor_only_resid,6,367,-0.030170991881085518
metabolite_features_log,sleep_awakeningsCount_log1p_resid_rf_vendor_only_resid,7,367,-0.027185160697619226
metabolite_features_log,sleep_awakeningsCount_log1p_resid_rf_vendor_only_resid,8,368,-0.03600681915319903
metabolite_features_log,sleep_awakeningsCount_log1p_resid_rf_vendor_only_resid,9,367,-0.04858701649173858
metabolite_features_log,sleep_awakeningsCount_log1p_resid_rf_vendor_only_resid,10,367,-0.04891772709336761
metabolite_features_log,sleep_awakeningsCount_log1p_resid_rf_vendor_only_resid,11,367,-0.013047413237764705
metabolite_features_log,sleep_awakeningsCount_log1p_resid_rf_vendor_only_resid,12,368,-0.01533314040409861
metabolite_features_log,sleep_awakeningsCount_log1p_resid_rf_vendor_only_resid,13,367,-0.012468180655385463
metabolite_features_log,sleep_awakeningsCount_log1p_resid_rf_vendor_only_resid,14,367,-0.010772022035071105
metabolite_features_log,sleep_awakeningsCount_log1p_resid_rf_vendor_only_resid,15,367,-0.016201283696823054
metabolite_features_log,sleep_awakeningsCount_log1p_resid_rf_vendor_only_resid,16,368,-0.008431947431486453
metabolite_features_log,sleep_awakeningsCount_log1p_resid_rf_vendor_only_resid,17,367,-0.015760126762094817
metabolite_features_log,sleep_awakeningsCount_log1p_resid_rf_vendor_only_resid,18,367,-0.04332225993797367
metabolite_features_log,sleep_awakeningsCount_log1p_resid_rf_vendor_only_resid,19,367,-0.01706667394984085
metabolite_features_log,sleep_awakeningsCount_log1p_resid_rf_vendor_only_resid,20,368,-0.018293467580583034
metabolite_features_log,sleep_awakeningsCount_log1p_resid_rf_vendor_only_resid,21,367,-0.007092490171515919
metabolite_features_log,sleep_awakeningsCount_log1p_resid_rf_vendor_only_resid,22,367,-0.042375636860657595
metabolite_features_log,sleep_awakeningsCount_log1p_resid_rf_vendor_only_resid,23,367,-0.023158267713795144
metabolite_features_log,sleep_awakeningsCount_log1p_resid_rf_vendor_only_resid,24,368,-0.020145079111240305
metabolite_features_log,sleep_awakeningsCount_log1p_resid_rf_vendor_only_resid,25,367,-0.011162343909007388
metabolite_features_log,sleep_awakeningsCount_log1p_resid_rf_vendor_only_resid,26,367,-0.02310536896072679
metabolite_features_log,sleep_awakeningsCount_log1p_resid_rf_vendor_only_resid,27,367,0.0038829168060946495
metabolite_features_log,sleep_awakeningsCount_log1p_resid_rf_vendor_only_resid,28,368,0.0020838740222274277
metabolite_features_log,sleep_awakeningsCount_log1p_resid_rf_vendor_only_resid,29,367,-0.025825252010220012
metabolite_features_log,sleep_awakeningsCount_log1p_resid_rf_vendor_only_resid,30,367,-0.01036796622299696
metabolite_features_log,sleep_awakeningsCount_log1p_resid_rf_vendor_only_resid,31,367,-0.020967477697773962
metabolite_features_log,sleep_awakeningsCount_log1p_resid_rf_vendor_only_resid,32,368,-0.0232011096701652
metabolite_features_log,sleep_awakeningsCount_log1p_resid_rf_vendor_only_resid,33,367,-0.04604025823388502
metabolite_features_log,sleep_awakeningsCount_log1p_resid_rf_vendor_only_resid,34,367,-0.00935025731002459
metabolite_features_log,sleep_awakeningsCount_log1p_resid_rf_vendor_only_resid,35,367,-0.018308482968220297
metabolite_features_log,sleep_awakeningsCount_log1p_resid_rf_vendor_only_resid,36,368,-0.013829502564053131
metabolite_features_log,sleep_awakeningsCount_log1p_resid_rf_vendor_only_resid,37,367,-0.023101298473697573
metabolite_features_log,sleep_awakeningsCount_log1p_resid_rf_vendor_only_resid,38,367,-0.02294104327504254
metabolite_features_log,sleep_awakeningsCount_log1p_resid_rf_vendor_only_resid,39,367,-0.023900854039118347
metabolite_features_log,sleep_efficiency_log1p_resid_rf_vendor_only_resid,0,368,-0.005490485394831657
metabolite_features_log,sleep_efficiency_log1p_resid_rf_vendor_only_resid,1,367,-0.0711982082649063
metabolite_features_log,sleep_efficiency_log1p_resid_rf_vendor_only_resid,2,367,-0.04805838907771909
metabolite_features_log,sleep_efficiency_log1p_resid_rf_vendor_only_resid,3,367,-0.0637217593463042
metabolite_features_log,sleep_efficiency_log1p_resid_rf_vendor_only_resid,4,368,-0.03180638743907149
metabolite_features_log,sleep_efficiency_log1p_resid_rf_vendor_only_resid,5,367,-0.045420662202193984
metabolite_features_log,sleep_efficiency_log1p_resid_rf_vendor_only_resid,6,367,-0.011491435719768406
metabolite_features_log,sleep_efficiency_log1p_resid_rf_vendor_only_resid,7,367,-0.07677481391478769
metabolite_features_log,sleep_efficiency_log1p_resid_rf_vendor_only_resid,8,368,-0.07956966903882035
metabolite_features_log,sleep_efficiency_log1p_resid_rf_vendor_only_resid,9,367,-0.005884586412253645
metabolite_features_log,sleep_efficiency_log1p_resid_rf_vendor_only_resid,10,367,-0.044411260323042656
metabolite_features_log,sleep_efficiency_log1p_resid_rf_vendor_only_resid,11,367,-0.06005617681959108
metabolite_features_log,sleep_efficiency_log1p_resid_rf_vendor_only_resid,12,368,-0.05148332392814736
metabolite_features_log,sleep_efficiency_log1p_resid_rf_vendor_only_resid,13,367,-0.025846145639105256
metabolite_features_log,sleep_efficiency_log1p_resid_rf_vendor_only_resid,14,367,-0.03464750309542963
metabolite_features_log,sleep_efficiency_log1p_resid_rf_vendor_only_resid,15,367,-0.09481239972679445
metabolite_features_log,sleep_efficiency_log1p_resid_rf_vendor_only_resid,16,368,-0.12421488486295829
metabolite_features_log,sleep_efficiency_log1p_resid_rf_vendor_only_resid,17,367,-0.04517592215051436
metabolite_features_log,sleep_efficiency_log1p_resid_rf_vendor_only_resid,18,367,-0.042545838443310835
metabolite_features_log,sleep_efficiency_log1p_resid_rf_vendor_only_resid,19,367,-0.023361223802752296
metabolite_features_log,sleep_efficiency_log1p_resid_rf_vendor_only_resid,20,368,-0.09021298530672794
metabolite_features_log,sleep_efficiency_log1p_resid_rf_vendor_only_resid,21,367,-0.028937584925718074
metabolite_features_log,sleep_efficiency_log1p_resid_rf_vendor_only_resid,22,367,-0.04740438220335497
metabolite_features_log,sleep_efficiency_log1p_resid_rf_vendor_only_resid,23,367,-0.02562817437886178
metabolite_features_log,sleep_efficiency_log1p_resid_rf_vendor_only_resid,24,368,-0.01846014825609643
metabolite_features_log,sleep_efficiency_log1p_resid_rf_vendor_only_resid,25,367,-0.046084897028594085
metabolite_features_log,sleep_efficiency_log1p_resid_rf_vendor_only_resid,26,367,0.02328873565487599
metabolite_features_log,sleep_efficiency_log1p_resid_rf_vendor_only_resid,27,367,-0.05263052075434427
metabolite_features_log,sleep_efficiency_log1p_resid_rf_vendor_only_resid,28,368,-0.03487774923951337
metabolite_features_log,sleep_efficiency_log1p_resid_rf_vendor_only_resid,29,367,-0.1000851000368288
metabolite_features_log,sleep_efficiency_log1p_resid_rf_vendor_only_resid,30,367,-0.0410337574323949
metabolite_features_log,sleep_efficiency_log1p_resid_rf_vendor_only_resid,31,367,-0.003495550043100648
metabolite_features_log,sleep_efficiency_log1p_resid_rf_vendor_only_resid,32,368,-0.019321472008790863
metabolite_features_log,sleep_efficiency_log1p_resid_rf_vendor_only_resid,33,367,0.0077544039815689025
metabolite_features_log,sleep_efficiency_log1p_resid_rf_vendor_only_resid,34,367,-0.1672260927026914
metabolite_features_log,sleep_efficiency_log1p_resid_rf_vendor_only_resid,35,367,-0.039930453762267115
metabolite_features_log,sleep_efficiency_log1p_resid_rf_vendor_only_resid,36,368,-0.04450044534722197
metabolite_features_log,sleep_efficiency_log1p_resid_rf_vendor_only_resid,37,367,-0.034073586651409915
metabolite_features_log,sleep_efficiency_log1p_resid_rf_vendor_only_resid,38,367,-0.0019628698873708217
metabolite_features_log,sleep_efficiency_log1p_resid_rf_vendor_only_resid,39,367,-0.08720088247068336
metabolite_features_log,sleep_minutesAfterWakeup_log1p_resid_rf_vendor_only_resid,0,368,-0.009042986997146008
metabolite_features_log,sleep_minutesAfterWakeup_log1p_resid_rf_vendor_only_resid,1,367,-0.03940906360337526
metabolite_features_log,sleep_minutesAfterWakeup_log1p_resid_rf_vendor_only_resid,2,367,-0.03997198396948032
metabolite_features_log,sleep_minutesAfterWakeup_log1p_resid_rf_vendor_only_resid,3,367,-0.023862309531565318
metabolite_features_log,sleep_minutesAfterWakeup_log1p_resid_rf_vendor_only_resid,4,368,-0.00048553873630563515
metabolite_features_log,sleep_minutesAfterWakeup_log1p_resid_rf_vendor_only_resid,5,367,-0.029746676968948726
metabolite_features_log,sleep_minutesAfterWakeup_log1p_resid_rf_vendor_only_resid,6,367,-0.036946699434439845
metabolite_features_log,sleep_minutesAfterWakeup_log1p_resid_rf_vendor_only_resid,7,367,-0.05367132630713867
metabolite_features_log,sleep_minutesAfterWakeup_log1p_resid_rf_vendor_only_resid,8,368,-0.03942302390840746
metabolite_features_log,sleep_minutesAfterWakeup_log1p_resid_rf_vendor_only_resid,9,367,-0.01324265795509727
metabolite_features_log,sleep_minutesAfterWakeup_log1p_resid_rf_vendor_only_resid,10,367,-0.038460399324310224
metabolite_features_log,sleep_minutesAfterWakeup_log1p_resid_rf_vendor_only_resid,11,367,-0.05191140798247096
metabolite_features_log,sleep_minutesAfterWakeup_log1p_resid_rf_vendor_only_resid,12,368,-0.024478391481876027
metabolite_features_log,sleep_minutesAfterWakeup_log1p_resid_rf_vendor_only_resid,13,367,-0.021177052573588817
metabolite_features_log,sleep_minutesAfterWakeup_log1p_resid_rf_vendor_only_resid,14,367,-0.0269825683297098
metabolite_features_log,sleep_minutesAfterWakeup_log1p_resid_rf_vendor_only_resid,15,367,-0.07744103573192573
metabolite_features_log,sleep_minutesAfterWakeup_log1p_resid_rf_vendor_only_resid,16,368,-0.06393775221521847
metabolite_features_log,sleep_minutesAfterWakeup_log1p_resid_rf_vendor_only_resid,17,367,-0.040872966533713306
metabolite_features_log,sleep_minutesAfterWakeup_log1p_resid_rf_vendor_only_resid,18,367,-0.0065722950816435866
metabolite_features_log,sleep_minutesAfterWakeup_log1p_resid_rf_vendor_only_resid,19,367,-0.022872326982640745
metabolite_features_log,sleep_minutesAfterWakeup_log1p_resid_rf_vendor_only_resid,20,368,-0.04720795153008561
metabolite_features_log,sleep_minutesAfterWakeup_log1p_resid_rf_vendor_only_resid,21,367,-0.03444373804708767
metabolite_features_log,sleep_minutesAfterWakeup_log1p_resid_rf_vendor_only_resid,22,367,-0.04072648303076298
metabolite_features_log,sleep_minutesAfterWakeup_log1p_resid_rf_vendor_only_resid,23,367,-0.02271992835733805
metabolite_features_log,sleep_minutesAfterWakeup_log1p_resid_rf_vendor_only_resid,24,368,-0.031170914460348698
metabolite_features_log,sleep_minutesAfterWakeup_log1p_resid_rf_vendor_only_resid,25,367,-0.039370769661408955
metabolite_features_log,sleep_minutesAfterWakeup_log1p_resid_rf_vendor_only_resid,26,367,0.0290065617667834
metabolite_features_log,sleep_minutesAfterWakeup_log1p_resid_rf_vendor_only_resid,27,367,-0.07031202288856897
metabolite_features_log,sleep_minutesAfterWakeup_log1p_resid_rf_vendor_only_resid,28,368,-0.026436178868733062
metabolite_features_log,sleep_minutesAfterWakeup_log1p_resid_rf_vendor_only_resid,29,367,-0.0738496388693235
metabolite_features_log,sleep_minutesAfterWakeup_log1p_resid_rf_vendor_only_resid,30,367,-0.021662597876178857
metabolite_features_log,sleep_minutesAfterWakeup_log1p_resid_rf_vendor_only_resid,31,367,-0.005232068071281848
metabolite_features_log,sleep_minutesAfterWakeup_log1p_resid_rf_vendor_only_resid,32,368,-0.031141958283201543
metabolite_features_log,sleep_minutesAfterWakeup_log1p_resid_rf_vendor_only_resid,33,367,0.004764157736364849
metabolite_features_log,sleep_minutesAfterWakeup_log1p_resid_rf_vendor_only_resid,34,367,-0.07680371330674185
metabolite_features_log,sleep_minutesAfterWakeup_log1p_resid_rf_vendor_only_resid,35,367,-0.03421420848845913
metabolite_features_log,sleep_minutesAfterWakeup_log1p_resid_rf_vendor_only_resid,36,368,-0.036485929793023786
metabolite_features_log,sleep_minutesAfterWakeup_log1p_resid_rf_vendor_only_resid,37,367,-0.030538683757179275
metabolite_features_log,sleep_minutesAfterWakeup_log1p_resid_rf_vendor_only_resid,38,367,0.01474111901627484
metabolite_features_log,sleep_minutesAfterWakeup_log1p_resid_rf_vendor_only_resid,39,367,-0.06468463233953803
metabolite_features_log,sleep_minutesAsleep_log1p_resid_rf_vendor_only_resid,0,225,-0.01144512676110443
metabolite_features_log,sleep_minutesAsleep_log1p_resid_rf_vendor_only_resid,1,225,-0.002630963207921111
metabolite_features_log,sleep_minutesAsleep_log1p_resid_rf_vendor_only_resid,2,224,-0.021888713165096885
metabolite_features_log,sleep_minutesAsleep_log1p_resid_rf_vendor_only_resid,3,224,-0.001961315773557848
metabolite_features_log,sleep_minutesAsleep_log1p_resid_rf_vendor_only_resid,4,225,0.013418530516394411
metabolite_features_log,sleep_minutesAsleep_log1p_resid_rf_vendor_only_resid,5,225,0.03704619499237083
metabolite_features_log,sleep_minutesAsleep_log1p_resid_rf_vendor_only_resid,6,224,-0.019893363082432725
metabolite_features_log,sleep_minutesAsleep_log1p_resid_rf_vendor_only_resid,7,224,0.003867379612800148
metabolite_features_log,sleep_minutesAsleep_log1p_resid_rf_vendor_only_resid,8,225,-0.042375924343442284
metabolite_features_log,sleep_minutesAsleep_log1p_resid_rf_vendor_only_resid,9,225,0.0037725727197378545
metabolite_features_log,sleep_minutesAsleep_log1p_resid_rf_vendor_only_resid,10,224,-0.004296035909692408
metabolite_features_log,sleep_minutesAsleep_log1p_resid_rf_vendor_only_resid,11,224,0.016515370595369783
metabolite_features_log,sleep_minutesAsleep_log1p_resid_rf_vendor_only_resid,12,225,-0.022699417494414398
metabolite_features_log,sleep_minutesAsleep_log1p_resid_rf_vendor_only_resid,13,225,-0.021485253681723382
metabolite_features_log,sleep_minutesAsleep_log1p_resid_rf_vendor_only_resid,14,224,-0.013656758258144164
metabolite_features_log,sleep_minutesAsleep_log1p_resid_rf_vendor_only_resid,15,224,-0.012084533085870763
metabolite_features_log,sleep_minutesAsleep_log1p_resid_rf_vendor_only_resid,16,225,0.001046822469605635
metabolite_features_log,sleep_minutesAsleep_log1p_resid_rf_vendor_only_resid,17,225,0.038226457444463735
metabolite_features_log,sleep_minutesAsleep_log1p_resid_rf_vendor_only_resid,18,224,-0.013974763659472034
metabolite_features_log,sleep_minutesAsleep_log1p_resid_rf_vendor_only_resid,19,224,-0.015249722515259467
metabolite_features_log,sleep_minutesAsleep_log1p_resid_rf_vendor_only_resid,20,225,-0.00916196240091427
metabolite_features_log,sleep_minutesAsleep_log1p_resid_rf_vendor_only_resid,21,225,0.008028268373927339
metabolite_features_log,sleep_minutesAsleep_log1p_resid_rf_vendor_only_resid,22,224,0.004765374819144408
metabolite_features_log,sleep_minutesAsleep_log1p_resid_rf_vendor_only_resid,23,224,-0.038604217819354414
metabolite_features_log,sleep_minutesAsleep_log1p_resid_rf_vendor_only_resid,24,225,-0.047868606855397955
metabolite_features_log,sleep_minutesAsleep_log1p_resid_rf_vendor_only_resid,25,225,-0.006102659734515958
metabolite_features_log,sleep_minutesAsleep_log1p_resid_rf_vendor_only_resid,26,224,-0.0020322610537424346
metabolite_features_log,sleep_minutesAsleep_log1p_resid_rf_vendor_only_resid,27,224,0.009444503054039655
metabolite_features_log,sleep_minutesAsleep_log1p_resid_rf_vendor_only_resid,28,225,0.007312690683725309
metabolite_features_log,sleep_minutesAsleep_log1p_resid_rf_vendor_only_resid,29,225,-0.04722354731749645
metabolite_features_log,sleep_minutesAsleep_log1p_resid_rf_vendor_only_resid,30,224,0.03039706258103425
metabolite_features_log,sleep_minutesAsleep_log1p_resid_rf_vendor_only_resid,31,224,-0.01696142895034991
metabolite_features_log,sleep_minutesAsleep_log1p_resid_rf_vendor_only_resid,32,225,0.029943490648007387
metabolite_features_log,sleep_minutesAsleep_log1p_resid_rf_vendor_only_resid,33,225,-0.028176673832953192
metabolite_features_log,sleep_minutesAsleep_log1p_resid_rf_vendor_only_resid,34,224,-0.010689976613846186
metabolite_features_log,sleep_minutesAsleep_log1p_resid_rf_vendor_only_resid,35,224,0.027334357003519716
metabolite_features_log,sleep_minutesAsleep_log1p_resid_rf_vendor_only_resid,36,225,-0.02022950268795065
metabolite_features_log,sleep_minutesAsleep_log1p_resid_rf_vendor_only_resid,37,225,-0.020821733332778702
metabolite_features_log,sleep_minutesAsleep_log1p_resid_rf_vendor_only_resid,38,224,0.005659266751032455
metabolite_features_log,sleep_minutesAsleep_log1p_resid_rf_vendor_only_resid,39,224,-0.0019054473646866743
metabolite_features_log,sleep_minutesAwake_log1p_resid_rf_vendor_only_resid,0,125,0.014411472160646532
metabolite_features_log,sleep_minutesAwake_log1p_resid_rf_vendor_only_resid,1,124,-0.01459161543398868
metabolite_features_log,sleep_minutesAwake_log1p_resid_rf_vendor_only_resid,2,124,0.026201795207792977
metabolite_features_log,sleep_minutesAwake_log1p_resid_rf_vendor_only_resid,3,124,-0.01833568401574448
metabolite_features_log,sleep_minutesAwake_log1p_resid_rf_vendor_only_resid,4,125,-0.018703320938642243
metabolite_features_log,sleep_minutesAwake_log1p_resid_rf_vendor_only_resid,5,124,-0.08704374377707591
metabolite_features_log,sleep_minutesAwake_log1p_resid_rf_vendor_only_resid,6,124,-0.01574235946462288
metabolite_features_log,sleep_minutesAwake_log1p_resid_rf_vendor_only_resid,7,124,-0.04254799299748613
metabolite_features_log,sleep_minutesAwake_log1p_resid_rf_vendor_only_resid,8,125,0.010081666929458444
metabolite_features_log,sleep_minutesAwake_log1p_resid_rf_vendor_only_resid,9,124,0.01751122859718035
metabolite_features_log,sleep_minutesAwake_log1p_resid_rf_vendor_only_resid,10,124,-0.07163306946126369
metabolite_features_log,sleep_minutesAwake_log1p_resid_rf_vendor_only_resid,11,124,-0.02099857206409661
metabolite_features_log,sleep_minutesAwake_log1p_resid_rf_vendor_only_resid,12,125,0.0263424254548007
metabolite_features_log,sleep_minutesAwake_log1p_resid_rf_vendor_only_resid,13,124,-0.04785378750558622
metabolite_features_log,sleep_minutesAwake_log1p_resid_rf_vendor_only_resid,14,124,-0.027095984048322475
metabolite_features_log,sleep_minutesAwake_log1p_resid_rf_vendor_only_resid,15,124,0.022030125656248623
metabolite_features_log,sleep_minutesAwake_log1p_resid_rf_vendor_only_resid,16,125,-0.015110415142046696
metabolite_features_log,sleep_minutesAwake_log1p_resid_rf_vendor_only_resid,17,124,-0.021763934295089715
metabolite_features_log,sleep_minutesAwake_log1p_resid_rf_vendor_only_resid,18,124,0.005419845406275381
metabolite_features_log,sleep_minutesAwake_log1p_resid_rf_vendor_only_resid,19,124,-0.03134281078276335
metabolite_features_log,sleep_minutesAwake_log1p_resid_rf_vendor_only_resid,20,125,-0.013755214327170862
metabolite_features_log,sleep_minutesAwake_log1p_resid_rf_vendor_only_resid,21,124,-0.026700421861953094
metabolite_features_log,sleep_minutesAwake_log1p_resid_rf_vendor_only_resid,22,124,-0.03296250751172214
metabolite_features_log,sleep_minutesAwake_log1p_resid_rf_vendor_only_resid,23,124,-0.014230177024362467
metabolite_features_log,sleep_minutesAwake_log1p_resid_rf_vendor_only_resid,24,125,-0.030577119080023252
metabolite_features_log,sleep_minutesAwake_log1p_resid_rf_vendor_only_resid,25,124,-0.019457941008408808
metabolite_features_log,sleep_minutesAwake_log1p_resid_rf_vendor_only_resid,26,124,-0.0008471887709780024
metabolite_features_log,sleep_minutesAwake_log1p_resid_rf_vendor_only_resid,27,124,-0.030764128580532235
metabolite_features_log,sleep_minutesAwake_log1p_resid_rf_vendor_only_resid,28,125,0.011066258434816567
metabolite_features_log,sleep_minutesAwake_log1p_resid_rf_vendor_only_resid,29,124,0.009466244949972724
metabolite_features_log,sleep_minutesAwake_log1p_resid_rf_vendor_only_resid,30,124,-0.04063144139895125
metabolite_features_log,sleep_minutesAwake_log1p_resid_rf_vendor_only_resid,31,124,0.03028383083278774
metabolite_features_log,sleep_minutesAwake_log1p_resid_rf_vendor_only_resid,32,125,-0.01722834838844478
metabolite_features_log,sleep_minutesAwake_log1p_resid_rf_vendor_only_resid,33,124,0.00320259312106852
metabolite_features_log,sleep_minutesAwake_log1p_resid_rf_vendor_only_resid,34,124,-0.08138769187682104
metabolite_features_log,sleep_minutesAwake_log1p_resid_rf_vendor_only_resid,35,124,-0.0002876556412871878
metabolite_features_log,sleep_minutesAwake_log1p_resid_rf_vendor_only_resid,36,125,-0.01950552766758662
metabolite_features_log,sleep_minutesAwake_log1p_resid_rf_vendor_only_resid,37,124,-0.01628300677024508
metabolite_features_log,sleep_minutesAwake_log1p_resid_rf_vendor_only_resid,38,124,-0.03329023926311869
metabolite_features_log,sleep_minutesAwake_log1p_resid_rf_vendor_only_resid,39,124,0.02029832314936153
metabolite_features_log,sleep_restlessDuration_log1p_resid_rf_vendor_only_resid,0,225,-0.023503191034404125
metabolite_features_log,sleep_restlessDuration_log1p_resid_rf_vendor_only_resid,1,225,-0.03800043586366453
metabolite_features_log,sleep_restlessDuration_log1p_resid_rf_vendor_only_resid,2,224,-0.01127356190456541
metabolite_features_log,sleep_restlessDuration_log1p_resid_rf_vendor_only_resid,3,224,-0.04302143057730046
metabolite_features_log,sleep_restlessDuration_log1p_resid_rf_vendor_only_resid,4,225,-0.053664368877860635
metabolite_features_log,sleep_restlessDuration_log1p_resid_rf_vendor_only_resid,5,225,-0.021911472722028646
metabolite_features_log,sleep_restlessDuration_log1p_resid_rf_vendor_only_resid,6,224,-0.05801450239488437
metabolite_features_log,sleep_restlessDuration_log1p_resid_rf_vendor_only_resid,7,224,-0.03255398181965585
metabolite_features_log,sleep_restlessDuration_log1p_resid_rf_vendor_only_resid,8,225,-0.021871319943772338
metabolite_features_log,sleep_restlessDuration_log1p_resid_rf_vendor_only_resid,9,225,-0.049280823683165886
metabolite_features_log,sleep_restlessDuration_log1p_resid_rf_vendor_only_resid,10,224,-0.047345246270403596
metabolite_features_log,sleep_restlessDuration_log1p_resid_rf_vendor_only_resid,11,224,-0.0392487523529883
metabolite_features_log,sleep_restlessDuration_log1p_resid_rf_vendor_only_resid,12,225,-0.03504804368576897
metabolite_features_log,sleep_restlessDuration_log1p_resid_rf_vendor_only_resid,13,225,-0.08282532327286929
metabolite_features_log,sleep_restlessDuration_log1p_resid_rf_vendor_only_resid,14,224,-0.02566042020272996
metabolite_features_log,sleep_restlessDuration_log1p_resid_rf_vendor_only_resid,15,224,-0.0628512477478187
metabolite_features_log,sleep_restlessDuration_log1p_resid_rf_vendor_only_resid,16,225,-0.04984030445408916
metabolite_features_log,sleep_restlessDuration_log1p_resid_rf_vendor_only_resid,17,225,-0.014502617173166588
metabolite_features_log,sleep_restlessDuration_log1p_resid_rf_vendor_only_resid,18,224,-0.07360065133412319
metabolite_features_log,sleep_restlessDuration_log1p_resid_rf_vendor_only_resid,19,224,-0.02224560345897464
metabolite_features_log,sleep_restlessDuration_log1p_resid_rf_vendor_only_resid,20,225,-0.04078846167382344
metabolite_features_log,sleep_restlessDuration_log1p_resid_rf_vendor_only_resid,21,225,-0.019543854956874496
metabolite_features_log,sleep_restlessDuration_log1p_resid_rf_vendor_only_resid,22,224,-0.055136381988227345
metabolite_features_log,sleep_restlessDuration_log1p_resid_rf_vendor_only_resid,23,224,-0.06678573589788583
metabolite_features_log,sleep_restlessDuration_log1p_resid_rf_vendor_only_resid,24,225,-0.08845102579294806
metabolite_features_log,sleep_restlessDuration_log1p_resid_rf_vendor_only_resid,25,225,-0.039990769830337
metabolite_features_log,sleep_restlessDuration_log1p_resid_rf_vendor_only_resid,26,224,-0.02090390736344827
metabolite_features_log,sleep_restlessDuration_log1p_resid_rf_vendor_only_resid,27,224,-0.05500657351734106
metabolite_features_log,sleep_restlessDuration_log1p_resid_rf_vendor_only_resid,28,225,-0.03703873461643137
metabolite_features_log,sleep_restlessDuration_log1p_resid_rf_vendor_only_resid,29,225,-0.06000006085323717
metabolite_features_log,sleep_restlessDuration_log1p_resid_rf_vendor_only_resid,30,224,-0.014155415138472627
metabolite_features_log,sleep_restlessDuration_log1p_resid_rf_vendor_only_resid,31,224,-0.02711186668517196
metabolite_features_log,sleep_restlessDuration_log1p_resid_rf_vendor_only_resid,32,225,-0.025221842935188254
metabolite_features_log,sleep_restlessDuration_log1p_resid_rf_vendor_only_resid,33,225,-0.04048732989502213
metabolite_features_log,sleep_restlessDuration_log1p_resid_rf_vendor_only_resid,34,224,-0.02456666747702485
metabolite_features_log,sleep_restlessDuration_log1p_resid_rf_vendor_only_resid,35,224,-0.02998734806658465
metabolite_features_log,sleep_restlessDuration_log1p_resid_rf_vendor_only_resid,36,225,-0.007236998575352649
metabolite_features_log,sleep_restlessDuration_log1p_resid_rf_vendor_only_resid,37,225,-0.06016171366543732
metabolite_features_log,sleep_restlessDuration_log1p_resid_rf_vendor_only_resid,38,224,-0.041492892396013614
metabolite_features_log,sleep_restlessDuration_log1p_resid_rf_vendor_only_resid,39,224,-0.00832724968765386
metabolite_features_log,sleep_timeInBed_log1p_resid_rf_vendor_only_resid,0,125,-0.023078361080297594
metabolite_features_log,sleep_timeInBed_log1p_resid_rf_vendor_only_resid,1,124,0.009187318121573917
metabolite_features_log,sleep_timeInBed_log1p_resid_rf_vendor_only_resid,2,124,0.018128530900487605
metabolite_features_log,sleep_timeInBed_log1p_resid_rf_vendor_only_resid,3,124,-0.014786024428020905
metabolite_features_log,sleep_timeInBed_log1p_resid_rf_vendor_only_resid,4,125,-0.015303648374596968
metabolite_features_log,sleep_timeInBed_log1p_resid_rf_vendor_only_resid,5,124,0.029649856349147186
metabolite_features_log,sleep_timeInBed_log1p_resid_rf_vendor_only_resid,6,124,-0.07117371800220029
metabolite_features_log,sleep_timeInBed_log1p_resid_rf_vendor_only_resid,7,124,-0.0033465872341937875
metabolite_features_log,sleep_timeInBed_log1p_resid_rf_vendor_only_resid,8,125,0.03985853408731066
metabolite_features_log,sleep_timeInBed_log1p_resid_rf_vendor_only_resid,9,124,-0.004273539257504622
metabolite_features_log,sleep_timeInBed_log1p_resid_rf_vendor_only_resid,10,124,0.008303368021523205
metabolite_features_log,sleep_timeInBed_log1p_resid_rf_vendor_only_resid,11,124,-0.04785597832831234
metabolite_features_log,sleep_timeInBed_log1p_resid_rf_vendor_only_resid,12,125,-0.005208901390365339
metabolite_features_log,sleep_timeInBed_log1p_resid_rf_vendor_only_resid,13,124,-0.031189950387549237
metabolite_features_log,sleep_timeInBed_log1p_resid_rf_vendor_only_resid,14,124,-0.09889552213681907
metabolite_features_log,sleep_timeInBed_log1p_resid_rf_vendor_only_resid,15,124,0.030489461613323554
metabolite_features_log,sleep_timeInBed_log1p_resid_rf_vendor_only_resid,16,125,0.015005194948123468
metabolite_features_log,sleep_timeInBed_log1p_resid_rf_vendor_only_resid,17,124,-0.028242415530209897
metabolite_features_log,sleep_timeInBed_log1p_resid_rf_vendor_only_resid,18,124,0.02033924009142596
metabolite_features_log,sleep_timeInBed_log1p_resid_rf_vendor_only_resid,19,124,0.02951078919460215
metabolite_features_log,sleep_timeInBed_log1p_resid_rf_vendor_only_resid,20,125,-0.029646515620183944
metabolite_features_log,sleep_timeInBed_log1p_resid_rf_vendor_only_resid,21,124,-0.11293895584150504
metabolite_features_log,sleep_timeInBed_log1p_resid_rf_vendor_only_resid,22,124,-0.01229148619410525
metabolite_features_log,sleep_timeInBed_log1p_resid_rf_vendor_only_resid,23,124,0.01882749402780204
metabolite_features_log,sleep_timeInBed_log1p_resid_rf_vendor_only_resid,24,125,-0.008890491408894752
metabolite_features_log,sleep_timeInBed_log1p_resid_rf_vendor_only_resid,25,124,0.03409563456491016
metabolite_features_log,sleep_timeInBed_log1p_resid_rf_vendor_only_resid,26,124,0.03384194102203919
metabolite_features_log,sleep_timeInBed_log1p_resid_rf_vendor_only_resid,27,124,0.02234972169756322
metabolite_features_log,sleep_timeInBed_log1p_resid_rf_vendor_only_resid,28,125,0.01718415486036029
metabolite_features_log,sleep_timeInBed_log1p_resid_rf_vendor_only_resid,29,124,-0.0072569386459213625
metabolite_features_log,sleep_timeInBed_log1p_resid_rf_vendor_only_resid,30,124,0.008375073468065763
metabolite_features_log,sleep_timeInBed_log1p_resid_rf_vendor_only_resid,31,124,0.024623773338760535
metabolite_features_log,sleep_timeInBed_log1p_resid_rf_vendor_only_resid,32,125,0.008752204062121183
metabolite_features_log,sleep_timeInBed_log1p_resid_rf_vendor_only_resid,33,124,-0.027041310811022345
metabolite_features_log,sleep_timeInBed_log1p_resid_rf_vendor_only_resid,34,124,-0.017752371745132667
metabolite_features_log,sleep_timeInBed_log1p_resid_rf_vendor_only_resid,35,124,-0.03898015482509498
metabolite_features_log,sleep_timeInBed_log1p_resid_rf_vendor_only_resid,36,125,0.029229745688042263
metabolite_features_log,sleep_timeInBed_log1p_resid_rf_vendor_only_resid,37,124,-0.029161911675562147
metabolite_features_log,sleep_timeInBed_log1p_resid_rf_vendor_only_resid,38,124,-0.02567147119083657
metabolite_features_log,sleep_timeInBed_log1p_resid_rf_vendor_only_resid,39,124,-0.03703679079528399
metabolite_features_log,sleep_awakeDuration_std_log1p_resid_rf_vendor_only_resid,0,225,0.019657900391207295
metabolite_features_log,sleep_awakeDuration_std_log1p_resid_rf_vendor_only_resid,1,225,-0.000855390605157158
metabolite_features_log,sleep_awakeDuration_std_log1p_resid_rf_vendor_only_resid,2,224,0.010663324902876359
metabolite_features_log,sleep_awakeDuration_std_log1p_resid_rf_vendor_only_resid,3,224,-0.009530034618208338
metabolite_features_log,sleep_awakeDuration_std_log1p_resid_rf_vendor_only_resid,4,225,-0.022845238046465433
metabolite_features_log,sleep_awakeDuration_std_log1p_resid_rf_vendor_only_resid,5,225,0.011792644000886643
metabolite_features_log,sleep_awakeDuration_std_log1p_resid_rf_vendor_only_resid,6,224,6.392686463330133e-05
metabolite_features_log,sleep_awakeDuration_std_log1p_resid_rf_vendor_only_resid,7,224,0.01431352167639266
metabolite_features_log,sleep_awakeDuration_std_log1p_resid_rf_vendor_only_resid,8,225,-0.004350636533826613
metabolite_features_log,sleep_awakeDuration_std_log1p_resid_rf_vendor_only_resid,9,225,-0.006068495852378675
metabolite_features_log,sleep_awakeDuration_std_log1p_resid_rf_vendor_only_resid,10,224,0.0011328504771721537
metabolite_features_log,sleep_awakeDuration_std_log1p_resid_rf_vendor_only_resid,11,224,-0.018705107874911198
metabolite_features_log,sleep_awakeDuration_std_log1p_resid_rf_vendor_only_resid,12,225,-0.018485958926131474
metabolite_features_log,sleep_awakeDuration_std_log1p_resid_rf_vendor_only_resid,13,225,-0.0067945456779097135
metabolite_features_log,sleep_awakeDuration_std_log1p_resid_rf_vendor_only_resid,14,224,0.020357299345464597
metabolite_features_log,sleep_awakeDuration_std_log1p_resid_rf_vendor_only_resid,15,224,-0.016747951228894387
metabolite_features_log,sleep_awakeDuration_std_log1p_resid_rf_vendor_only_resid,16,225,-0.012065507758981298
metabolite_features_log,sleep_awakeDuration_std_log1p_resid_rf_vendor_only_resid,17,225,0.0032760057181724367
metabolite_features_log,sleep_awakeDuration_std_log1p_resid_rf_vendor_only_resid,18,224,0.0028156782387562806
metabolite_features_log,sleep_awakeDuration_std_log1p_resid_rf_vendor_only_resid,19,224,-0.005286468988235926
metabolite_features_log,sleep_awakeDuration_std_log1p_resid_rf_vendor_only_resid,20,225,-0.007017751682108608
metabolite_features_log,sleep_awakeDuration_std_log1p_resid_rf_vendor_only_resid,21,225,-0.04729750464600713
metabolite_features_log,sleep_awakeDuration_std_log1p_resid_rf_vendor_only_resid,22,224,-0.01949940608586087
metabolite_features_log,sleep_awakeDuration_std_log1p_resid_rf_vendor_only_resid,23,224,-0.0069837617190224854
metabolite_features_log,sleep_awakeDuration_std_log1p_resid_rf_vendor_only_resid,24,225,0.010868789142260749
metabolite_features_log,sleep_awakeDuration_std_log1p_resid_rf_vendor_only_resid,25,225,-0.0019860466361483198
metabolite_features_log,sleep_awakeDuration_std_log1p_resid_rf_vendor_only_resid,26,224,0.0032909971147283557
metabolite_features_log,sleep_awakeDuration_std_log1p_resid_rf_vendor_only_resid,27,224,-0.005348835874894542
metabolite_features_log,sleep_awakeDuration_std_log1p_resid_rf_vendor_only_resid,28,225,0.012830369261830898
metabolite_features_log,sleep_awakeDuration_std_log1p_resid_rf_vendor_only_resid,29,225,-0.01453651324553129
metabolite_features_log,sleep_awakeDuration_std_log1p_resid_rf_vendor_only_resid,30,224,-0.018239490573276784
metabolite_features_log,sleep_awakeDuration_std_log1p_resid_rf_vendor_only_resid,31,224,-0.02216646462749794
metabolite_features_log,sleep_awakeDuration_std_log1p_resid_rf_vendor_only_resid,32,225,-0.00960565837534344
metabolite_features_log,sleep_awakeDuration_std_log1p_resid_rf_vendor_only_resid,33,225,0.0028184703992780724
metabolite_features_log,sleep_awakeDuration_std_log1p_resid_rf_vendor_only_resid,34,224,-7.528388748512249e-05
metabolite_features_log,sleep_awakeDuration_std_log1p_resid_rf_vendor_only_resid,35,224,-0.009613519667552639
metabolite_features_log,sleep_awakeDuration_std_log1p_resid_rf_vendor_only_resid,36,225,-0.015861989797389064
metabolite_features_log,sleep_awakeDuration_std_log1p_resid_rf_vendor_only_resid,37,225,-0.006818018501449918
metabolite_features_log,sleep_awakeDuration_std_log1p_resid_rf_vendor_only_resid,38,224,-0.002829440870977029
metabolite_features_log,sleep_awakeDuration_std_log1p_resid_rf_vendor_only_resid,39,224,0.02113939668026832
metabolite_features_log,sleep_awakeningsCount_std_log1p_resid_rf_vendor_only_resid,0,368,-0.01005325957050296
metabolite_features_log,sleep_awakeningsCount_std_log1p_resid_rf_vendor_only_resid,1,367,-0.01100868934639676
metabolite_features_log,sleep_awakeningsCount_std_log1p_resid_rf_vendor_only_resid,2,367,-0.0024131588884859223
metabolite_features_log,sleep_awakeningsCount_std_log1p_resid_rf_vendor_only_resid,3,367,-0.016649558197771475
metabolite_features_log,sleep_awakeningsCount_std_log1p_resid_rf_vendor_only_resid,4,368,-0.007530439452506199
metabolite_features_log,sleep_awakeningsCount_std_log1p_resid_rf_vendor_only_resid,5,367,-0.010715855644407801
metabolite_features_log,sleep_awakeningsCount_std_log1p_resid_rf_vendor_only_resid,6,367,0.010668248158569815
metabolite_features_log,sleep_awakeningsCount_std_log1p_resid_rf_vendor_only_resid,7,367,-0.010953166432962957
metabolite_features_log,sleep_awakeningsCount_std_log1p_resid_rf_vendor_only_resid,8,368,-0.0009058593148156824
metabolite_features_log,sleep_awakeningsCount_std_log1p_resid_rf_vendor_only_resid,9,367,-0.024115284917218593
metabolite_features_log,sleep_awakeningsCount_std_log1p_resid_rf_vendor_only_resid,10,367,0.004053411283033381
metabolite_features_log,sleep_awakeningsCount_std_log1p_resid_rf_vendor_only_resid,11,367,-0.012317708266609273
metabolite_features_log,sleep_awakeningsCount_std_log1p_resid_rf_vendor_only_resid,12,368,-0.012189770548494128
metabolite_features_log,sleep_awakeningsCount_std_log1p_resid_rf_vendor_only_resid,13,367,0.0013228520878084682
metabolite_features_log,sleep_awakeningsCount_std_log1p_resid_rf_vendor_only_resid,14,367,-0.010552005598029046
metabolite_features_log,sleep_awakeningsCount_std_log1p_resid_rf_vendor_only_resid,15,367,-0.008451176568114116
metabolite_features_log,sleep_awakeningsCount_std_log1p_resid_rf_vendor_only_resid,16,368,-0.042117782369601287
metabolite_features_log,sleep_awakeningsCount_std_log1p_resid_rf_vendor_only_resid,17,367,0.01408428904605219
metabolite_features_log,sleep_awakeningsCount_std_log1p_resid_rf_vendor_only_resid,18,367,-0.01269335506588165
metabolite_features_log,sleep_awakeningsCount_std_log1p_resid_rf_vendor_only_resid,19,367,-0.018804016878177787
metabolite_features_log,sleep_awakeningsCount_std_log1p_resid_rf_vendor_only_resid,20,368,-0.04286999050756424
metabolite_features_log,sleep_awakeningsCount_std_log1p_resid_rf_vendor_only_resid,21,367,-0.008214013342252358
metabolite_features_log,sleep_awakeningsCount_std_log1p_resid_rf_vendor_only_resid,22,367,-0.02515621150764935
metabolite_features_log,sleep_awakeningsCount_std_log1p_resid_rf_vendor_only_resid,23,367,-0.008817412719056117
metabolite_features_log,sleep_awakeningsCount_std_log1p_resid_rf_vendor_only_resid,24,368,-0.015015292705193639
metabolite_features_log,sleep_awakeningsCount_std_log1p_resid_rf_vendor_only_resid,25,367,-0.016526670470073057
metabolite_features_log,sleep_awakeningsCount_std_log1p_resid_rf_vendor_only_resid,26,367,-0.019235643030607097
metabolite_features_log,sleep_awakeningsCount_std_log1p_resid_rf_vendor_only_resid,27,367,0.010590278442263679
metabolite_features_log,sleep_awakeningsCount_std_log1p_resid_rf_vendor_only_resid,28,368,0.0011946199244888822
metabolite_features_log,sleep_awakeningsCount_std_log1p_resid_rf_vendor_only_resid,29,367,-0.0030142630524634395
metabolite_features_log,sleep_awakeningsCount_std_log1p_resid_rf_vendor_only_resid,30,367,-0.022057725086604973
metabolite_features_log,sleep_awakeningsCount_std_log1p_resid_rf_vendor_only_resid,31,367,-0.03126043295332015
metabolite_features_log,sleep_awakeningsCount_std_log1p_resid_rf_vendor_only_resid,32,368,-0.011676544384205956
metabolite_features_log,sleep_awakeningsCount_std_log1p_resid_rf_vendor_only_resid,33,367,-0.0009437955443005741
metabolite_features_log,sleep_awakeningsCount_std_log1p_resid_rf_vendor_only_resid,34,367,-0.01634026094634944
metabolite_features_log,sleep_awakeningsCount_std_log1p_resid_rf_vendor_only_resid,35,367,-0.0027968988722604227
metabolite_features_log,sleep_awakeningsCount_std_log1p_resid_rf_vendor_only_resid,36,368,-0.0005627160408083753
metabolite_features_log,sleep_awakeningsCount_std_log1p_resid_rf_vendor_only_resid,37,367,-0.01057196864905774
metabolite_features_log,sleep_awakeningsCount_std_log1p_resid_rf_vendor_only_resid,38,367,-0.03201419043586129
metabolite_features_log,sleep_awakeningsCount_std_log1p_resid_rf_vendor_only_resid,39,367,-3.965583657694616e-05
metabolite_features_log,sleep_efficiency_std_log1p_resid_rf_vendor_only_resid,0,368,-0.0017134225344686005
metabolite_features_log,sleep_efficiency_std_log1p_resid_rf_vendor_only_resid,1,367,-0.02765334217695692
metabolite_features_log,sleep_efficiency_std_log1p_resid_rf_vendor_only_resid,2,367,0.00133626407514853
metabolite_features_log,sleep_efficiency_std_log1p_resid_rf_vendor_only_resid,3,367,0.00920848157258669
metabolite_features_log,sleep_efficiency_std_log1p_resid_rf_vendor_only_resid,4,368,0.005146050129413937
metabolite_features_log,sleep_efficiency_std_log1p_resid_rf_vendor_only_resid,5,367,0.004262505041045972
metabolite_features_log,sleep_efficiency_std_log1p_resid_rf_vendor_only_resid,6,367,-0.003754615606960332
metabolite_features_log,sleep_efficiency_std_log1p_resid_rf_vendor_only_resid,7,367,-0.06246166160393729
metabolite_features_log,sleep_efficiency_std_log1p_resid_rf_vendor_only_resid,8,368,0.0023044624833443716
metabolite_features_log,sleep_efficiency_std_log1p_resid_rf_vendor_only_resid,9,367,0.00044870091909643417
metabolite_features_log,sleep_efficiency_std_log1p_resid_rf_vendor_only_resid,10,367,-0.05643228657501376
metabolite_features_log,sleep_efficiency_std_log1p_resid_rf_vendor_only_resid,11,367,-0.03788420684318039
metabolite_features_log,sleep_efficiency_std_log1p_resid_rf_vendor_only_resid,12,368,-0.10231070203746095
metabolite_features_log,sleep_efficiency_std_log1p_resid_rf_vendor_only_resid,13,367,0.009899410347550597
metabolite_features_log,sleep_efficiency_std_log1p_resid_rf_vendor_only_resid,14,367,-0.004797179717767497
metabolite_features_log,sleep_efficiency_std_log1p_resid_rf_vendor_only_resid,15,367,-0.022388451890740457
metabolite_features_log,sleep_efficiency_std_log1p_resid_rf_vendor_only_resid,16,368,-0.019594931551725647
metabolite_features_log,sleep_efficiency_std_log1p_resid_rf_vendor_only_resid,17,367,-0.014797699010856036
metabolite_features_log,sleep_efficiency_std_log1p_resid_rf_vendor_only_resid,18,367,-0.03118584598401264
metabolite_features_log,sleep_efficiency_std_log1p_resid_rf_vendor_only_resid,19,367,0.012200041167830578
metabolite_features_log,sleep_efficiency_std_log1p_resid_rf_vendor_only_resid,20,368,-0.017649792835863654
metabolite_features_log,sleep_efficiency_std_log1p_resid_rf_vendor_only_resid,21,367,0.013278864213400188
metabolite_features_log,sleep_efficiency_std_log1p_resid_rf_vendor_only_resid,22,367,-0.04629657390521391
metabolite_features_log,sleep_efficiency_std_log1p_resid_rf_vendor_only_resid,23,367,-0.02415388177560529
metabolite_features_log,sleep_efficiency_std_log1p_resid_rf_vendor_only_resid,24,368,-0.0008678794583276694
metabolite_features_log,sleep_efficiency_std_log1p_resid_rf_vendor_only_resid,25,367,0.0038479364821029094
metabolite_features_log,sleep_efficiency_std_log1p_resid_rf_vendor_only_resid,26,367,0.02016263655107453
metabolite_features_log,sleep_efficiency_std_log1p_resid_rf_vendor_only_resid,27,367,-0.044397079357505476
metabolite_features_log,sleep_efficiency_std_log1p_resid_rf_vendor_only_resid,28,368,0.020428604000002126
metabolite_features_log,sleep_efficiency_std_log1p_resid_rf_vendor_only_resid,29,367,-0.025593611400616778
metabolite_features_log,sleep_efficiency_std_log1p_resid_rf_vendor_only_resid,30,367,-0.013218257860309057
metabolite_features_log,sleep_efficiency_std_log1p_resid_rf_vendor_only_resid,31,367,0.024753688002430052
metabolite_features_log,sleep_efficiency_std_log1p_resid_rf_vendor_only_resid,32,368,-0.037730117400821106
metabolite_features_log,sleep_efficiency_std_log1p_resid_rf_vendor_only_resid,33,367,0.007229547203035702
metabolite_features_log,sleep_efficiency_std_log1p_resid_rf_vendor_only_resid,34,367,-0.028134825773702854
metabolite_features_log,sleep_efficiency_std_log1p_resid_rf_vendor_only_resid,35,367,-0.009469776957863996
metabolite_features_log,sleep_efficiency_std_log1p_resid_rf_vendor_only_resid,36,368,-0.013317308273961714
metabolite_features_log,sleep_efficiency_std_log1p_resid_rf_vendor_only_resid,37,367,-0.020778050877408916
metabolite_features_log,sleep_efficiency_std_log1p_resid_rf_vendor_only_resid,38,367,-0.01616769182357558
metabolite_features_log,sleep_efficiency_std_log1p_resid_rf_vendor_only_resid,39,367,-0.00878206417345595
metabolite_features_log,sleep_minutesAfterWakeup_std_log1p_resid_rf_vendor_only_resid,0,368,-0.004466104473414667
metabolite_features_log,sleep_minutesAfterWakeup_std_log1p_resid_rf_vendor_only_resid,1,367,-0.005982109429864879
metabolite_features_log,sleep_minutesAfterWakeup_std_log1p_resid_rf_vendor_only_resid,2,367,-0.02249341901627222
metabolite_features_log,sleep_minutesAfterWakeup_std_log1p_resid_rf_vendor_only_resid,3,367,-0.021664570395491634
metabolite_features_log,sleep_minutesAfterWakeup_std_log1p_resid_rf_vendor_only_resid,4,368,-0.00619987958580448
metabolite_features_log,sleep_minutesAfterWakeup_std_log1p_resid_rf_vendor_only_resid,5,367,-0.028277161903880188
metabolite_features_log,sleep_minutesAfterWakeup_std_log1p_resid_rf_vendor_only_resid,6,367,-0.028169824403529775
metabolite_features_log,sleep_minutesAfterWakeup_std_log1p_resid_rf_vendor_only_resid,7,367,-0.01840481815447803
metabolite_features_log,sleep_minutesAfterWakeup_std_log1p_resid_rf_vendor_only_resid,8,368,-0.038967223139503515
metabolite_features_log,sleep_minutesAfterWakeup_std_log1p_resid_rf_vendor_only_resid,9,367,-0.024819019974593015
metabolite_features_log,sleep_minutesAfterWakeup_std_log1p_resid_rf_vendor_only_resid,10,367,-0.007590450029338669
metabolite_features_log,sleep_minutesAfterWakeup_std_log1p_resid_rf_vendor_only_resid,11,367,-0.018884849475835797
metabolite_features_log,sleep_minutesAfterWakeup_std_log1p_resid_rf_vendor_only_resid,12,368,-0.020877309847035175
metabolite_features_log,sleep_minutesAfterWakeup_std_log1p_resid_rf_vendor_only_resid,13,367,-0.00984328104488319
metabolite_features_log,sleep_minutesAfterWakeup_std_log1p_resid_rf_vendor_only_resid,14,367,-0.017675107018973124
metabolite_features_log,sleep_minutesAfterWakeup_std_log1p_resid_rf_vendor_only_resid,15,367,-0.03862236338822411
metabolite_features_log,sleep_minutesAfterWakeup_std_log1p_resid_rf_vendor_only_resid,16,368,-0.028817469053724398
metabolite_features_log,sleep_minutesAfterWakeup_std_log1p_resid_rf_vendor_only_resid,17,367,-0.023503300790202575
metabolite_features_log,sleep_minutesAfterWakeup_std_log1p_resid_rf_vendor_only_resid,18,367,-0.017387238277394967
metabolite_features_log,sleep_minutesAfterWakeup_std_log1p_resid_rf_vendor_only_resid,19,367,-0.004391614043467662
metabolite_features_log,sleep_minutesAfterWakeup_std_log1p_resid_rf_vendor_only_resid,20,368,-0.010106300374250532
metabolite_features_log,sleep_minutesAfterWakeup_std_log1p_resid_rf_vendor_only_resid,21,367,-0.029045684147813722
metabolite_features_log,sleep_minutesAfterWakeup_std_log1p_resid_rf_vendor_only_resid,22,367,-0.02685955828063391
metabolite_features_log,sleep_minutesAfterWakeup_std_log1p_resid_rf_vendor_only_resid,23,367,0.0017815651759237605
metabolite_features_log,sleep_minutesAfterWakeup_std_log1p_resid_rf_vendor_only_resid,24,368,-0.029238341589667982
metabolite_features_log,sleep_minutesAfterWakeup_std_log1p_resid_rf_vendor_only_resid,25,367,-0.023605983450027512
metabolite_features_log,sleep_minutesAfterWakeup_std_log1p_resid_rf_vendor_only_resid,26,367,0.007630345789768511
metabolite_features_log,sleep_minutesAfterWakeup_std_log1p_resid_rf_vendor_only_resid,27,367,-0.05113551384965165
metabolite_features_log,sleep_minutesAfterWakeup_std_log1p_resid_rf_vendor_only_resid,28,368,0.0003098242847149324
metabolite_features_log,sleep_minutesAfterWakeup_std_log1p_resid_rf_vendor_only_resid,29,367,-0.02336910917148205
metabolite_features_log,sleep_minutesAfterWakeup_std_log1p_resid_rf_vendor_only_resid,30,367,-0.01598361913271229
metabolite_features_log,sleep_minutesAfterWakeup_std_log1p_resid_rf_vendor_only_resid,31,367,-0.009958116631595626
metabolite_features_log,sleep_minutesAfterWakeup_std_log1p_resid_rf_vendor_only_resid,32,368,-0.029035088768130768
metabolite_features_log,sleep_minutesAfterWakeup_std_log1p_resid_rf_vendor_only_resid,33,367,-0.005653531802496614
metabolite_features_log,sleep_minutesAfterWakeup_std_log1p_resid_rf_vendor_only_resid,34,367,-0.021870115974991222
metabolite_features_log,sleep_minutesAfterWakeup_std_log1p_resid_rf_vendor_only_resid,35,367,-0.014026293771721488
metabolite_features_log,sleep_minutesAfterWakeup_std_log1p_resid_rf_vendor_only_resid,36,368,-0.006318917640231847
metabolite_features_log,sleep_minutesAfterWakeup_std_log1p_resid_rf_vendor_only_resid,37,367,-0.021626048002491904
metabolite_features_log,sleep_minutesAfterWakeup_std_log1p_resid_rf_vendor_only_resid,38,367,-0.0036363587070182835
metabolite_features_log,sleep_minutesAfterWakeup_std_log1p_resid_rf_vendor_only_resid,39,367,-0.02730590702088964
metabolite_features_log,sleep_minutesAsleep_std_log1p_resid_rf_vendor_only_resid,0,225,0.00017162645315838
metabolite_features_log,sleep_minutesAsleep_std_log1p_resid_rf_vendor_only_resid,1,225,-0.003791025135513104
metabolite_features_log,sleep_minutesAsleep_std_log1p_resid_rf_vendor_only_resid,2,224,0.01456723413559391
metabolite_features_log,sleep_minutesAsleep_std_log1p_resid_rf_vendor_only_resid,3,224,0.018635010964535126
metabolite_features_log,sleep_minutesAsleep_std_log1p_resid_rf_vendor_only_resid,4,225,0.005785258048521258
metabolite_features_log,sleep_minutesAsleep_std_log1p_resid_rf_vendor_only_resid,5,225,0.016858541642005842
metabolite_features_log,sleep_minutesAsleep_std_log1p_resid_rf_vendor_only_resid,6,224,-0.007160615014334626
metabolite_features_log,sleep_minutesAsleep_std_log1p_resid_rf_vendor_only_resid,7,224,-0.0008772721363701219
metabolite_features_log,sleep_minutesAsleep_std_log1p_resid_rf_vendor_only_resid,8,225,-0.01730331120374573
metabolite_features_log,sleep_minutesAsleep_std_log1p_resid_rf_vendor_only_resid,9,225,-0.024922973906933432
metabolite_features_log,sleep_minutesAsleep_std_log1p_resid_rf_vendor_only_resid,10,224,-0.01246479522113697
metabolite_features_log,sleep_minutesAsleep_std_log1p_resid_rf_vendor_only_resid,11,224,0.031300793969174845
metabolite_features_log,sleep_minutesAsleep_std_log1p_resid_rf_vendor_only_resid,12,225,-0.004472524018219293
metabolite_features_log,sleep_minutesAsleep_std_log1p_resid_rf_vendor_only_resid,13,225,0.0065407601184529485
metabolite_features_log,sleep_minutesAsleep_std_log1p_resid_rf_vendor_only_resid,14,224,0.002371964591680764
metabolite_features_log,sleep_minutesAsleep_std_log1p_resid_rf_vendor_only_resid,15,224,-0.007958355993552546
metabolite_features_log,sleep_minutesAsleep_std_log1p_resid_rf_vendor_only_resid,16,225,0.0012086442885459459
metabolite_features_log,sleep_minutesAsleep_std_log1p_resid_rf_vendor_only_resid,17,225,0.004632102768519664
metabolite_features_log,sleep_minutesAsleep_std_log1p_resid_rf_vendor_only_resid,18,224,-0.012118512112932356
metabolite_features_log,sleep_minutesAsleep_std_log1p_resid_rf_vendor_only_resid,19,224,-0.01805963488516138
metabolite_features_log,sleep_minutesAsleep_std_log1p_resid_rf_vendor_only_resid,20,225,0.0032483111456261815
metabolite_features_log,sleep_minutesAsleep_std_log1p_resid_rf_vendor_only_resid,21,225,-0.052856623150793425
metabolite_features_log,sleep_minutesAsleep_std_log1p_resid_rf_vendor_only_resid,22,224,-0.010401962238002715
metabolite_features_log,sleep_minutesAsleep_std_log1p_resid_rf_vendor_only_resid,23,224,-0.004761317893542838
metabolite_features_log,sleep_minutesAsleep_std_log1p_resid_rf_vendor_only_resid,24,225,-0.012276969890088862
metabolite_features_log,sleep_minutesAsleep_std_log1p_resid_rf_vendor_only_resid,25,225,-0.010842931453946658
metabolite_features_log,sleep_minutesAsleep_std_log1p_resid_rf_vendor_only_resid,26,224,0.01277856925552845
metabolite_features_log,sleep_minutesAsleep_std_log1p_resid_rf_vendor_only_resid,27,224,0.017677025413505132
metabolite_features_log,sleep_minutesAsleep_std_log1p_resid_rf_vendor_only_resid,28,225,0.003500811711944829
metabolite_features_log,sleep_minutesAsleep_std_log1p_resid_rf_vendor_only_resid,29,225,-0.03368020615167744
metabolite_features_log,sleep_minutesAsleep_std_log1p_resid_rf_vendor_only_resid,30,224,0.0057714519430550615
metabolite_features_log,sleep_minutesAsleep_std_log1p_resid_rf_vendor_only_resid,31,224,0.02287978225526821
metabolite_features_log,sleep_minutesAsleep_std_log1p_resid_rf_vendor_only_resid,32,225,0.019178147990952743
metabolite_features_log,sleep_minutesAsleep_std_log1p_resid_rf_vendor_only_resid,33,225,0.0015136058722896584
metabolite_features_log,sleep_minutesAsleep_std_log1p_resid_rf_vendor_only_resid,34,224,-0.01252084762779515
metabolite_features_log,sleep_minutesAsleep_std_log1p_resid_rf_vendor_only_resid,35,224,-0.009537471506479545
metabolite_features_log,sleep_minutesAsleep_std_log1p_resid_rf_vendor_only_resid,36,225,0.016793200346735815
metabolite_features_log,sleep_minutesAsleep_std_log1p_resid_rf_vendor_only_resid,37,225,-0.008917910226276193
metabolite_features_log,sleep_minutesAsleep_std_log1p_resid_rf_vendor_only_resid,38,224,0.027282831979968836
metabolite_features_log,sleep_minutesAsleep_std_log1p_resid_rf_vendor_only_resid,39,224,-0.009570276800685118
metabolite_features_log,sleep_minutesAwake_std_log1p_resid_rf_vendor_only_resid,0,125,0.030146908906616976
metabolite_features_log,sleep_minutesAwake_std_log1p_resid_rf_vendor_only_resid,1,124,-0.013727912663572095
metabolite_features_log,sleep_minutesAwake_std_log1p_resid_rf_vendor_only_resid,2,124,0.009683459382612059
metabolite_features_log,sleep_minutesAwake_std_log1p_resid_rf_vendor_only_resid,3,124,-0.04083278268778612
metabolite_features_log,sleep_minutesAwake_std_log1p_resid_rf_vendor_only_resid,4,125,-0.024948279842878174
metabolite_features_log,sleep_minutesAwake_std_log1p_resid_rf_vendor_only_resid,5,124,-0.06756872367802558
metabolite_features_log,sleep_minutesAwake_std_log1p_resid_rf_vendor_only_resid,6,124,-0.07457071021122297
metabolite_features_log,sleep_minutesAwake_std_log1p_resid_rf_vendor_only_resid,7,124,-0.003625783499012103
metabolite_features_log,sleep_minutesAwake_std_log1p_resid_rf_vendor_only_resid,8,125,-0.03619082741927815
metabolite_features_log,sleep_minutesAwake_std_log1p_resid_rf_vendor_only_resid,9,124,0.0061875400794502156
metabolite_features_log,sleep_minutesAwake_std_log1p_resid_rf_vendor_only_resid,10,124,-0.06497198339712118
metabolite_features_log,sleep_minutesAwake_std_log1p_resid_rf_vendor_only_resid,11,124,-0.07025977019222673
metabolite_features_log,sleep_minutesAwake_std_log1p_resid_rf_vendor_only_resid,12,125,-0.013726876084964701
metabolite_features_log,sleep_minutesAwake_std_log1p_resid_rf_vendor_only_resid,13,124,-0.044280185450866094
metabolite_features_log,sleep_minutesAwake_std_log1p_resid_rf_vendor_only_resid,14,124,-0.05223050017990549
metabolite_features_log,sleep_minutesAwake_std_log1p_resid_rf_vendor_only_resid,15,124,0.0038617583591867843
metabolite_features_log,sleep_minutesAwake_std_log1p_resid_rf_vendor_only_resid,16,125,-0.01764758287136914
metabolite_features_log,sleep_minutesAwake_std_log1p_resid_rf_vendor_only_resid,17,124,-0.0012977981530706284
metabolite_features_log,sleep_minutesAwake_std_log1p_resid_rf_vendor_only_resid,18,124,0.003965178818580939
metabolite_features_log,sleep_minutesAwake_std_log1p_resid_rf_vendor_only_resid,19,124,-0.037163792208084745
metabolite_features_log,sleep_minutesAwake_std_log1p_resid_rf_vendor_only_resid,20,125,-0.01698273983186449
metabolite_features_log,sleep_minutesAwake_std_log1p_resid_rf_vendor_only_resid,21,124,0.0051556719864821465
metabolite_features_log,sleep_minutesAwake_std_log1p_resid_rf_vendor_only_resid,22,124,-0.08552205328463991
metabolite_features_log,sleep_minutesAwake_std_log1p_resid_rf_vendor_only_resid,23,124,0.017376271608189553
metabolite_features_log,sleep_minutesAwake_std_log1p_resid_rf_vendor_only_resid,24,125,0.013718938995710972
metabolite_features_log,sleep_minutesAwake_std_log1p_resid_rf_vendor_only_resid,25,124,0.022163095333456284
metabolite_features_log,sleep_minutesAwake_std_log1p_resid_rf_vendor_only_resid,26,124,0.0014677227940880222
metabolite_features_log,sleep_minutesAwake_std_log1p_resid_rf_vendor_only_resid,27,124,-0.004653281819576138
metabolite_features_log,sleep_minutesAwake_std_log1p_resid_rf_vendor_only_resid,28,125,0.017915719038562927
metabolite_features_log,sleep_minutesAwake_std_log1p_resid_rf_vendor_only_resid,29,124,0.008557877932444002
metabolite_features_log,sleep_minutesAwake_std_log1p_resid_rf_vendor_only_resid,30,124,0.0008591807825651943
metabolite_features_log,sleep_minutesAwake_std_log1p_resid_rf_vendor_only_resid,31,124,-0.009246745847580451
metabolite_features_log,sleep_minutesAwake_std_log1p_resid_rf_vendor_only_resid,32,125,0.012916493859214895
metabolite_features_log,sleep_minutesAwake_std_log1p_resid_rf_vendor_only_resid,33,124,-0.014483046510759712
metabolite_features_log,sleep_minutesAwake_std_log1p_resid_rf_vendor_only_resid,34,124,-0.12197859480956819
metabolite_features_log,sleep_minutesAwake_std_log1p_resid_rf_vendor_only_resid,35,124,-0.019744613979912895
metabolite_features_log,sleep_minutesAwake_std_log1p_resid_rf_vendor_only_resid,36,125,0.02097298908550871
metabolite_features_log,sleep_minutesAwake_std_log1p_resid_rf_vendor_only_resid,37,124,-0.010596162243709406
metabolite_features_log,sleep_minutesAwake_std_log1p_resid_rf_vendor_only_resid,38,124,-0.05914387972791202
metabolite_features_log,sleep_minutesAwake_std_log1p_resid_rf_vendor_only_resid,39,124,0.0150899217223458
metabolite_features_log,sleep_restlessDuration_std_log1p_resid_rf_vendor_only_resid,0,225,-0.019627505472870288
metabolite_features_log,sleep_restlessDuration_std_log1p_resid_rf_vendor_only_resid,1,225,-0.061281593587865446
metabolite_features_log,sleep_restlessDuration_std_log1p_resid_rf_vendor_only_resid,2,224,-0.017097393003834727
metabolite_features_log,sleep_restlessDuration_std_log1p_resid_rf_vendor_only_resid,3,224,-0.009231630244492584
metabolite_features_log,sleep_restlessDuration_std_log1p_resid_rf_vendor_only_resid,4,225,-0.014061304532157148
metabolite_features_log,sleep_restlessDuration_std_log1p_resid_rf_vendor_only_resid,5,225,-0.044154026031162585
metabolite_features_log,sleep_restlessDuration_std_log1p_resid_rf_vendor_only_resid,6,224,-0.03898102222666999
metabolite_features_log,sleep_restlessDuration_std_log1p_resid_rf_vendor_only_resid,7,224,-0.030408011055644613
metabolite_features_log,sleep_restlessDuration_std_log1p_resid_rf_vendor_only_resid,8,225,0.0013677449043473233
metabolite_features_log,sleep_restlessDuration_std_log1p_resid_rf_vendor_only_resid,9,225,0.009847975603961667
metabolite_features_log,sleep_restlessDuration_std_log1p_resid_rf_vendor_only_resid,10,224,-0.028281483333320923
metabolite_features_log,sleep_restlessDuration_std_log1p_resid_rf_vendor_only_resid,11,224,-0.053556983067725605
metabolite_features_log,sleep_restlessDuration_std_log1p_resid_rf_vendor_only_resid,12,225,0.009170825930593374
metabolite_features_log,sleep_restlessDuration_std_log1p_resid_rf_vendor_only_resid,13,225,-0.02943320132152305
metabolite_features_log,sleep_restlessDuration_std_log1p_resid_rf_vendor_only_resid,14,224,0.004197992458847222
metabolite_features_log,sleep_restlessDuration_std_log1p_resid_rf_vendor_only_resid,15,224,-0.1360041084078254
metabolite_features_log,sleep_restlessDuration_std_log1p_resid_rf_vendor_only_resid,16,225,-0.042069034493885216
metabolite_features_log,sleep_restlessDuration_std_log1p_resid_rf_vendor_only_resid,17,225,0.013241437725024063
metabolite_features_log,sleep_restlessDuration_std_log1p_resid_rf_vendor_only_resid,18,224,-0.09515330909062603
metabolite_features_log,sleep_restlessDuration_std_log1p_resid_rf_vendor_only_resid,19,224,-0.03908790078156765
metabolite_features_log,sleep_restlessDuration_std_log1p_resid_rf_vendor_only_resid,20,225,-0.025047376288663825
metabolite_features_log,sleep_restlessDuration_std_log1p_resid_rf_vendor_only_resid,21,225,-0.0017792426468596911
metabolite_features_log,sleep_restlessDuration_std_log1p_resid_rf_vendor_only_resid,22,224,-0.016542856866764932
metabolite_features_log,sleep_restlessDuration_std_log1p_resid_rf_vendor_only_resid,23,224,-0.03304118072460316
metabolite_features_log,sleep_restlessDuration_std_log1p_resid_rf_vendor_only_resid,24,225,-0.16639310383385086
metabolite_features_log,sleep_restlessDuration_std_log1p_resid_rf_vendor_only_resid,25,225,0.0142006837223837
metabolite_features_log,sleep_restlessDuration_std_log1p_resid_rf_vendor_only_resid,26,224,-0.039032399890506664
metabolite_features_log,sleep_restlessDuration_std_log1p_resid_rf_vendor_only_resid,27,224,-0.04437777442557622
metabolite_features_log,sleep_restlessDuration_std_log1p_resid_rf_vendor_only_resid,28,225,-0.04625114689660026
metabolite_features_log,sleep_restlessDuration_std_log1p_resid_rf_vendor_only_resid,29,225,-0.10612280577668054
metabolite_features_log,sleep_restlessDuration_std_log1p_resid_rf_vendor_only_resid,30,224,0.015045583113373784
metabolite_features_log,sleep_restlessDuration_std_log1p_resid_rf_vendor_only_resid,31,224,-0.0070490147188444485
metabolite_features_log,sleep_restlessDuration_std_log1p_resid_rf_vendor_only_resid,32,225,0.007462559369363464
metabolite_features_log,sleep_restlessDuration_std_log1p_resid_rf_vendor_only_resid,33,225,-0.03491159515693476
metabolite_features_log,sleep_restlessDuration_std_log1p_resid_rf_vendor_only_resid,34,224,-0.041223957755404106
metabolite_features_log,sleep_restlessDuration_std_log1p_resid_rf_vendor_only_resid,35,224,-0.018994176289696796
metabolite_features_log,sleep_restlessDuration_std_log1p_resid_rf_vendor_only_resid,36,225,-0.016318670616411568
metabolite_features_log,sleep_restlessDuration_std_log1p_resid_rf_vendor_only_resid,37,225,-0.07474418866608357
metabolite_features_log,sleep_restlessDuration_std_log1p_resid_rf_vendor_only_resid,38,224,-0.009283804147943941
metabolite_features_log,sleep_restlessDuration_std_log1p_resid_rf_vendor_only_resid,39,224,0.01481448428549148
metabolite_features_log,sleep_timeInBed_std_log1p_resid_rf_vendor_only_resid,0,125,-0.05183793745693399
metabolite_features_log,sleep_timeInBed_std_log1p_resid_rf_vendor_only_resid,1,124,-0.021533528419454218
metabolite_features_log,sleep_timeInBed_std_log1p_resid_rf_vendor_only_resid,2,124,0.008460065045428067
metabolite_features_log,sleep_timeInBed_std_log1p_resid_rf_vendor_only_resid,3,124,-0.05434402265131144
metabolite_features_log,sleep_timeInBed_std_log1p_resid_rf_vendor_only_resid,4,125,-0.006779638521122289
metabolite_features_log,sleep_timeInBed_std_log1p_resid_rf_vendor_only_resid,5,124,-0.05668564695718592
metabolite_features_log,sleep_timeInBed_std_log1p_resid_rf_vendor_only_resid,6,124,-0.015319214134099424
metabolite_features_log,sleep_timeInBed_std_log1p_resid_rf_vendor_only_resid,7,124,-0.04598064760276688
metabolite_features_log,sleep_timeInBed_std_log1p_resid_rf_vendor_only_resid,8,125,-0.046875661317931305
metabolite_features_log,sleep_timeInBed_std_log1p_resid_rf_vendor_only_resid,9,124,0.00869758231832074
metabolite_features_log,sleep_timeInBed_std_log1p_resid_rf_vendor_only_resid,10,124,-0.041921808770636115
metabolite_features_log,sleep_timeInBed_std_log1p_resid_rf_vendor_only_resid,11,124,-0.01591349741593273
metabolite_features_log,sleep_timeInBed_std_log1p_resid_rf_vendor_only_resid,12,125,-0.015553585605524223
metabolite_features_log,sleep_timeInBed_std_log1p_resid_rf_vendor_only_resid,13,124,-0.0032507259141381084
metabolite_features_log,sleep_timeInBed_std_log1p_resid_rf_vendor_only_resid,14,124,-0.04193664922063833
metabolite_features_log,sleep_timeInBed_std_log1p_resid_rf_vendor_only_resid,15,124,-0.004288388080084582
metabolite_features_log,sleep_timeInBed_std_log1p_resid_rf_vendor_only_resid,16,125,-0.02392743530463526
metabolite_features_log,sleep_timeInBed_std_log1p_resid_rf_vendor_only_resid,17,124,-0.023958322864082726
metabolite_features_log,sleep_timeInBed_std_log1p_resid_rf_vendor_only_resid,18,124,-0.05466839582558003
metabolite_features_log,sleep_timeInBed_std_log1p_resid_rf_vendor_only_resid,19,124,-0.025468060457371378
metabolite_features_log,sleep_timeInBed_std_log1p_resid_rf_vendor_only_resid,20,125,-0.06757331528451238
metabolite_features_log,sleep_timeInBed_std_log1p_resid_rf_vendor_only_resid,21,124,-0.0362893522182699
metabolite_features_log,sleep_timeInBed_std_log1p_resid_rf_vendor_only_resid,22,124,-0.018044887378555474
metabolite_features_log,sleep_timeInBed_std_log1p_resid_rf_vendor_only_resid,23,124,-0.024237829475185713
metabolite_features_log,sleep_timeInBed_std_log1p_resid_rf_vendor_only_resid,24,125,-0.030614366399061455
metabolite_features_log,sleep_timeInBed_std_log1p_resid_rf_vendor_only_resid,25,124,-0.10837072432505623
metabolite_features_log,sleep_timeInBed_std_log1p_resid_rf_vendor_only_resid,26,124,-0.034987904609902865
metabolite_features_log,sleep_timeInBed_std_log1p_resid_rf_vendor_only_resid,27,124,-0.01454492659470663
metabolite_features_log,sleep_timeInBed_std_log1p_resid_rf_vendor_only_resid,28,125,-0.04726707374033157
metabolite_features_log,sleep_timeInBed_std_log1p_resid_rf_vendor_only_resid,29,124,-0.04299042172594136
metabolite_features_log,sleep_timeInBed_std_log1p_resid_rf_vendor_only_resid,30,124,-0.0719610895191507
metabolite_features_log,sleep_timeInBed_std_log1p_resid_rf_vendor_only_resid,31,124,0.007784384675708078
metabolite_features_log,sleep_timeInBed_std_log1p_resid_rf_vendor_only_resid,32,125,-0.0220614119562883
metabolite_features_log,sleep_timeInBed_std_log1p_resid_rf_vendor_only_resid,33,124,-0.03795537231475321
metabolite_features_log,sleep_timeInBed_std_log1p_resid_rf_vendor_only_resid,34,124,-0.008945888277915648
metabolite_features_log,sleep_timeInBed_std_log1p_resid_rf_vendor_only_resid,35,124,-0.029465001471689067
metabolite_features_log,sleep_timeInBed_std_log1p_resid_rf_vendor_only_resid,36,125,-0.0002554222151660568
metabolite_features_log,sleep_timeInBed_std_log1p_resid_rf_vendor_only_resid,37,124,-0.007826791340102002
metabolite_features_log,sleep_timeInBed_std_log1p_resid_rf_vendor_only_resid,38,124,-0.07188889205873084
metabolite_features_log,sleep_timeInBed_std_log1p_resid_rf_vendor_only_resid,39,124,-0.004866115512018432
metabolite_features_log,bedtime_int_log1p_resid_rf_vendor_only_resid,0,368,0.02417354361054891
metabolite_features_log,bedtime_int_log1p_resid_rf_vendor_only_resid,1,367,0.01775982412556454
metabolite_features_log,bedtime_int_log1p_resid_rf_vendor_only_resid,2,367,0.049793657854206974
metabolite_features_log,bedtime_int_log1p_resid_rf_vendor_only_resid,3,367,0.04027863813493615
metabolite_features_log,bedtime_int_log1p_resid_rf_vendor_only_resid,4,368,0.048021264851010215
metabolite_features_log,bedtime_int_log1p_resid_rf_vendor_only_resid,5,367,0.03769000878391071
metabolite_features_log,bedtime_int_log1p_resid_rf_vendor_only_resid,6,367,0.02899794768361741
metabolite_features_log,bedtime_int_log1p_resid_rf_vendor_only_resid,7,367,0.02409427912599149
metabolite_features_log,bedtime_int_log1p_resid_rf_vendor_only_resid,8,368,0.04110932301659265
metabolite_features_log,bedtime_int_log1p_resid_rf_vendor_only_resid,9,367,0.051769052847468466
metabolite_features_log,bedtime_int_log1p_resid_rf_vendor_only_resid,10,367,0.04844858804986907
metabolite_features_log,bedtime_int_log1p_resid_rf_vendor_only_resid,11,367,0.007116878530392112
metabolite_features_log,bedtime_int_log1p_resid_rf_vendor_only_resid,12,368,0.03251243760103717
metabolite_features_log,bedtime_int_log1p_resid_rf_vendor_only_resid,13,367,0.05036925515591739
metabolite_features_log,bedtime_int_log1p_resid_rf_vendor_only_resid,14,367,0.034778493326844684
metabolite_features_log,bedtime_int_log1p_resid_rf_vendor_only_resid,15,367,0.02652471332633277
metabolite_features_log,bedtime_int_log1p_resid_rf_vendor_only_resid,16,368,0.03461763356337055
metabolite_features_log,bedtime_int_log1p_resid_rf_vendor_only_resid,17,367,0.03337406225004924
metabolite_features_log,bedtime_int_log1p_resid_rf_vendor_only_resid,18,367,5.936582648380373e-05
metabolite_features_log,bedtime_int_log1p_resid_rf_vendor_only_resid,19,367,0.038138809435167564
metabolite_features_log,bedtime_int_log1p_resid_rf_vendor_only_resid,20,368,0.029531783663207856
metabolite_features_log,bedtime_int_log1p_resid_rf_vendor_only_resid,21,367,0.037725677293510285
metabolite_features_log,bedtime_int_log1p_resid_rf_vendor_only_resid,22,367,0.030553679522231758
metabolite_features_log,bedtime_int_log1p_resid_rf_vendor_only_resid,23,367,0.043482134082238666
metabolite_features_log,bedtime_int_log1p_resid_rf_vendor_only_resid,24,368,0.02554425574867658
metabolite_features_log,bedtime_int_log1p_resid_rf_vendor_only_resid,25,367,0.014087242457240134
metabolite_features_log,bedtime_int_log1p_resid_rf_vendor_only_resid,26,367,0.03471675488731063
metabolite_features_log,bedtime_int_log1p_resid_rf_vendor_only_resid,27,367,0.033880289842993405
metabolite_features_log,bedtime_int_log1p_resid_rf_vendor_only_resid,28,368,0.013582988306340749
metabolite_features_log,bedtime_int_log1p_resid_rf_vendor_only_resid,29,367,0.0256263531430565
metabolite_features_log,bedtime_int_log1p_resid_rf_vendor_only_resid,30,367,0.02936674656046656
metabolite_features_log,bedtime_int_log1p_resid_rf_vendor_only_resid,31,367,0.0249577287922772
metabolite_features_log,bedtime_int_log1p_resid_rf_vendor_only_resid,32,368,0.05444284517641573
metabolite_features_log,bedtime_int_log1p_resid_rf_vendor_only_resid,33,367,0.04270428901673606
metabolite_features_log,bedtime_int_log1p_resid_rf_vendor_only_resid,34,367,0.05296986907322043
metabolite_features_log,bedtime_int_log1p_resid_rf_vendor_only_resid,35,367,-0.006276404285234349
metabolite_features_log,bedtime_int_log1p_resid_rf_vendor_only_resid,36,368,0.05396553881837973
metabolite_features_log,bedtime_int_log1p_resid_rf_vendor_only_resid,37,367,0.03250528812702247
metabolite_features_log,bedtime_int_log1p_resid_rf_vendor_only_resid,38,367,0.024053662292128575
metabolite_features_log,bedtime_int_log1p_resid_rf_vendor_only_resid,39,367,0.043752058983650755
metabolite_features_log,bedtime_int_std_log1p_resid_rf_vendor_only_resid,0,368,-0.006729856844569948
metabolite_features_log,bedtime_int_std_log1p_resid_rf_vendor_only_resid,1,367,-0.006124486921730288
metabolite_features_log,bedtime_int_std_log1p_resid_rf_vendor_only_resid,2,367,-0.0034126097105253717
metabolite_features_log,bedtime_int_std_log1p_resid_rf_vendor_only_resid,3,367,0.005553063924874202
metabolite_features_log,bedtime_int_std_log1p_resid_rf_vendor_only_resid,4,368,0.0009711081488296136
metabolite_features_log,bedtime_int_std_log1p_resid_rf_vendor_only_resid,5,367,-0.015850144509658826
metabolite_features_log,bedtime_int_std_log1p_resid_rf_vendor_only_resid,6,367,-0.001751156415118027
metabolite_features_log,bedtime_int_std_log1p_resid_rf_vendor_only_resid,7,367,0.011185342206072035
metabolite_features_log,bedtime_int_std_log1p_resid_rf_vendor_only_resid,8,368,-0.005575076435111015
metabolite_features_log,bedtime_int_std_log1p_resid_rf_vendor_only_resid,9,367,-0.0037861275769159874
metabolite_features_log,bedtime_int_std_log1p_resid_rf_vendor_only_resid,10,367,-0.019974666331183277
metabolite_features_log,bedtime_int_std_log1p_resid_rf_vendor_only_resid,11,367,0.0009174728558440925
metabolite_features_log,bedtime_int_std_log1p_resid_rf_vendor_only_resid,12,368,0.00829440692456962
metabolite_features_log,bedtime_int_std_log1p_resid_rf_vendor_only_resid,13,367,0.012542080459375549
metabolite_features_log,bedtime_int_std_log1p_resid_rf_vendor_only_resid,14,367,0.015731333210136977
metabolite_features_log,bedtime_int_std_log1p_resid_rf_vendor_only_resid,15,367,-0.01921466208029221
metabolite_features_log,bedtime_int_std_log1p_resid_rf_vendor_only_resid,16,368,0.011245563711405504
metabolite_features_log,bedtime_int_std_log1p_resid_rf_vendor_only_resid,17,367,0.012829415010595535
metabolite_features_log,bedtime_int_std_log1p_resid_rf_vendor_only_resid,18,367,0.009616845139960417
metabolite_features_log,bedtime_int_std_log1p_resid_rf_vendor_only_resid,19,367,-0.025365871694713382
metabolite_features_log,bedtime_int_std_log1p_resid_rf_vendor_only_resid,20,368,-0.0010907209089601189
metabolite_features_log,bedtime_int_std_log1p_resid_rf_vendor_only_resid,21,367,0.0017578659619754688
metabolite_features_log,bedtime_int_std_log1p_resid_rf_vendor_only_resid,22,367,-0.03826427512274089
metabolite_features_log,bedtime_int_std_log1p_resid_rf_vendor_only_resid,23,367,-0.04305116293981914
metabolite_features_log,bedtime_int_std_log1p_resid_rf_vendor_only_resid,24,368,-0.0012812117899778652
metabolite_features_log,bedtime_int_std_log1p_resid_rf_vendor_only_resid,25,367,0.0029428628139153146
metabolite_features_log,bedtime_int_std_log1p_resid_rf_vendor_only_resid,26,367,0.00783307383966847
metabolite_features_log,bedtime_int_std_log1p_resid_rf_vendor_only_resid,27,367,0.011875701402721428
metabolite_features_log,bedtime_int_std_log1p_resid_rf_vendor_only_resid,28,368,-0.010667622055807735
metabolite_features_log,bedtime_int_std_log1p_resid_rf_vendor_only_resid,29,367,0.006715954979692018
metabolite_features_log,bedtime_int_std_log1p_resid_rf_vendor_only_resid,30,367,0.002760233907826315
metabolite_features_log,bedtime_int_std_log1p_resid_rf_vendor_only_resid,31,367,-0.008138787807436154
metabolite_features_log,bedtime_int_std_log1p_resid_rf_vendor_only_resid,32,368,-0.00737246277222714
metabolite_features_log,bedtime_int_std_log1p_resid_rf_vendor_only_resid,33,367,0.007084610984756323
metabolite_features_log,bedtime_int_std_log1p_resid_rf_vendor_only_resid,34,367,0.005598206029359454
metabolite_features_log,bedtime_int_std_log1p_resid_rf_vendor_only_resid,35,367,0.006175974592461997
metabolite_features_log,bedtime_int_std_log1p_resid_rf_vendor_only_resid,36,368,-0.003979554958121856
metabolite_features_log,bedtime_int_std_log1p_resid_rf_vendor_only_resid,37,367,-0.029208265746899054
metabolite_features_log,bedtime_int_std_log1p_resid_rf_vendor_only_resid,38,367,-0.01619767371787728
metabolite_features_log,bedtime_int_std_log1p_resid_rf_vendor_only_resid,39,367,0.007107257941314948
